accuracy,precision,recall,f1,roc_auc,best_threshold
0.6451190967919592,0.6437926330150068,0.6497315159025197,0.6467484410333721,0.707769149153832,0.4788916337577212
