accuracy,precision,recall,f1,roc_auc,best_threshold
0.6464516848917652,0.6432078559738135,0.6577772818567285,0.6504109891322337,0.7109566385105581,0.528061280216424
