accuracy,precision,recall,f1,roc_auc,best_threshold
0.57356608478803,0.5687880907183535,0.6275352733686067,0.5967192495152246,0.5913963844305796,0.5906182206102645
