accuracy,precision,recall,f1,roc_auc,best_threshold
0.6487796723503845,0.6461892247043364,0.6576395854229354,0.651864125932063,0.7124369256710781,0.5182671553612211
