accuracy,precision,recall,f1,roc_auc,best_threshold
0.6291685193419297,0.6298614215467143,0.6265006669630947,0.628176549264378,0.6605075058308609,0.5001323632453274
