accuracy,precision,recall,f1,roc_auc,best_threshold
0.6472700712155335,0.6483288606977311,0.6460435152546493,0.6471841704718417,0.7015020513248688,0.4920930941631335
