accuracy,precision,recall,f1,roc_auc,best_threshold
0.650789239662072,0.650171593047714,0.6528457092040907,0.6515059071495923,0.7131638442736568,0.5229922662452168
