accuracy,precision,recall,f1,roc_auc,best_threshold
0.6488911177978379,0.6478530323151838,0.6524016493926224,0.6501193847520684,0.7110918798472264,0.4946672837685795
