accuracy,precision,recall,f1,roc_auc,best_threshold
0.651622943530458,0.6497255762897914,0.6579590929301912,0.6538164144482492,0.7093085291995791,0.4956036
