accuracy,precision,recall,f1,roc_auc,best_threshold
0.6352947732085145,0.6422545113662995,0.6108324974924775,0.6261495401839264,0.6914509145277009,0.46213454
