accuracy,precision,recall,f1,roc_auc,best_threshold
0.6486833296139255,0.6486999218837184,0.6486275384958714,0.6486637281705072,0.7110326369449704,0.4961267845576864
