accuracy,precision,recall,f1,roc_auc,best_threshold
0.6559375762009266,0.6549551732493336,0.6591075347476225,0.6570247933884298,0.7163114384231702,0.48031055138391004
