accuracy,precision,recall,f1,roc_auc,best_threshold
0.6310889443059019,0.6435278735290622,0.5967813051146384,0.6192736631398341,0.6851963641266736,0.495031593355035
