accuracy,precision,recall,f1,roc_auc,best_threshold
0.6501778568252556,0.6550734618916437,0.634393063583815,0.6445674271515699,0.7109866872307854,0.49506186993117934
