accuracy,precision,recall,f1,roc_auc,best_threshold
0.6504511094854913,0.6494670542635659,0.6537429895147525,0.651598007048244,0.7081811841825414,0.4922221780839802
