accuracy,precision,recall,f1,roc_auc,best_threshold
0.6218272566802605,0.6138882605745306,0.6597787771970341,0.6360067959458667,0.6767211135671268,0.5048137646358696
