accuracy,precision,recall,f1,roc_auc,best_threshold
0.6434860135963446,0.6392343462744674,0.6587540398974702,0.6488474204171241,0.6987030782901846,0.5095730202430743
