accuracy,precision,recall,f1,roc_auc,best_threshold
0.6428267088684643,0.6686686686686687,0.5683724322353227,0.6144546649145861,0.7039732621016667,0.44904573530100406
