accuracy,precision,recall,f1,roc_auc,best_threshold
0.644220040169605,0.6471592849823523,0.634233430037938,0.6406311637080868,0.6980440513022301,0.4926238299005521
